,pred_prob,pred
0,0.9998271213962827,1
1,0.9564308404776809,1
2,0.9998176433743087,1
3,0.0035878354319142333,0
4,0.9995196535117999,1
5,0.9955847452717445,1
6,0.9999412856725574,1
7,0.9884315862671824,1
8,0.9895401173797697,1
9,0.008270597446269479,0
10,0.7078866589174435,1
11,0.6064501274531874,1
12,0.9995511471221529,1
13,0.3718377275090127,0
